Modelo,Motor,Hardware,Tarea,Numero de Problemas,Numero de Lotes,Tamaño Batch,Precisión,Energía (kWh),Energía (J),CO2 (kg),EDP (J*s),Tokens Prompt,Tokens Generados,TTFT Medio (s),TPOT (s/token),Throughput Decode (tok/s),Throughput Total (tok/s),Inferencia Media (s),Energía (J/token gen)
TinyLlama/TinyLlama-1.1B-Chat-v1.0,hf,cuda,humaneval,164,41,4,0.0,0.013513526504944834,48648.6954178014,0.0023520292881856484,44326447.68546293,56576,20992,0.33287630430081994,0.042754666232390375,23.389259889541908,85.13161336421693,5.555816353821173,2.3174873960461793
TinyLlama/TinyLlama-1.1B-Chat-v1.0,llamacpp,cuda,mmlu,14042,14042,1,24.3626264064948,0.08438955105611244,303802.3838020048,0.014688001361316374,1599013943.0683792,2786000,198917,0.2269938827460859,0.010435948830728837,95.82262391470168,567.1150673714607,0.3748280683009989,1.5272821518623587
Qwen/Qwen2.5-Coder-3B-Instruct,llamacpp,cuda,humaneval,164,164,1,54.87804878048781,0.005366755991114125,19320.321568010848,0.0009340838802534134,6273713.065765085,43825,9031,0.6658643135210363,0.023864377919073424,41.90345976715184,162.7736088810504,1.9800057585646467,2.1393335807785236
